DROP DATABASE IF EXISTS `cs122a_fall20`;
CREATE DATABASE `cs122a_fall20`;
USE `cs122a_fall20`;

SET FOREIGN_KEY_CHECKS=0;

--
-- Table structure for table `About`
--
CREATE TABLE `About` (
  `tweet_id` varchar(20) NOT NULL,
  `ev_id` int NOT NULL,
  PRIMARY KEY (`tweet_id`,`ev_id`),
  CONSTRAINT `about_ibfk_1` FOREIGN KEY (`tweet_id`) REFERENCES `Tweet` (`tweet_id`) ON DELETE CASCADE,
  CONSTRAINT `about_ibfk_2` FOREIGN KEY (`ev_id`) REFERENCES `Evidence` (`ev_id`) ON DELETE CASCADE
);

--
-- Dumping data for table `About`
--
INSERT INTO `About` VALUES ('1321211561046933514',0),('1321385349516566531',0),('1321211561046933514',1),('1321385349516566531',1),('1321286736132100097',2),('1321474573896839168',3),('1321385349516566531',4),('1321231296190971905',5),('1321231296190971905',6),('1321231296190971905',7),('1321231296190971905',8),('1321211561046933514',9),('1321349100369965056',10),('1321349100369965056',11),('1321474573896839168',12),('1321474573896839168',13),('1321286736132100097',14),('1321286736132100097',16),('1321349100369965056',17);

--
-- Table structure for table `Checker`
--
CREATE TABLE `Checker` (
  `user_id` int NOT NULL,
  `checker_since` datetime NOT NULL,
  PRIMARY KEY (`user_id`),
  CONSTRAINT `checker_ibfk_1` FOREIGN KEY (`user_id`) REFERENCES `User` (`user_id`) ON DELETE CASCADE
);

--
-- Dumping data for table `Checker`
--
INSERT INTO `Checker` VALUES (0,'2020-06-03 17:14:48'),(3,'2020-04-09 14:36:36'),(5,'2020-08-30 07:09:53'),(6,'2020-08-11 19:51:30'),(7,'2020-05-05 23:49:56'),(8,'2020-04-02 12:56:30'),(9,'2020-07-03 08:16:33'),(10,'2020-08-10 16:50:24'),(11,'2020-07-05 04:38:54'),(12,'2020-07-06 13:40:10'),(14,'2020-02-15 05:24:27'),(15,'2020-03-22 07:13:56'),(16,'2020-05-26 02:18:26'),(17,'2020-07-22 23:24:04'),(18,'2020-03-12 21:17:00'),(19,'2020-09-20 05:34:09'),(21,'2020-03-06 07:52:40'),(22,'2020-02-27 10:59:50'),(26,'2020-10-17 20:01:23'),(27,'2020-09-11 18:19:11'),(32,'2020-02-02 15:50:36'),(33,'2020-08-11 12:33:44'),(36,'2020-05-08 00:12:41'),(38,'2020-09-07 21:39:27'),(39,'2020-03-23 06:51:48'),(40,'2020-06-30 14:55:05'),(42,'2020-09-06 16:19:02'),(45,'2020-04-25 17:23:06'),(49,'2020-01-31 03:41:49'),(51,'2020-04-07 14:53:22'),(53,'2020-08-28 07:54:28'),(55,'2020-02-09 20:21:01'),(60,'2020-05-01 06:14:34'),(61,'2020-07-12 03:25:10'),(62,'2020-08-11 22:26:46'),(64,'2020-07-04 07:12:28'),(65,'2020-06-13 13:49:34'),(68,'2020-10-17 20:46:29'),(70,'2020-02-16 21:17:41'),(71,'2020-05-11 21:41:59'),(74,'2020-08-26 16:57:22'),(77,'2020-04-09 03:19:54'),(78,'2020-03-14 00:36:04'),(79,'2020-02-27 18:29:20'),(81,'2020-07-25 16:15:51'),(87,'2020-03-06 15:19:50'),(90,'2020-03-21 05:20:42'),(93,'2020-07-22 03:38:36'),(96,'2020-05-25 20:00:54'),(97,'2020-03-26 23:06:29');

--
-- Table structure for table `Evidence`
--
CREATE TABLE `Evidence` (
  `ev_id` int NOT NULL,
  `url` varchar(500) NOT NULL,
  PRIMARY KEY (`ev_id`)
);

--
-- Dumping data for table `Evidence`
--
INSERT INTO `Evidence` VALUES (0,'http://states-covid-numbers.org'),(1,'http://florida-covid19.gov'),(2,'http://covid-is-not-hoax.net'),(3,'http://santa-is-real.ai'),(4,'https://cdc.gov'),(5,'https://covid19.eu'),(6,'https://covid19.es'),(7,'https://covid19.fr'),(8,'http://mask-works.info'),(9,'http://states-covid-numbers.org'),(10,'http://idaho-covid19-numbers.net'),(11,'http://covid-is-not-hoax.net'),(12,'http://santa-rox.io'),(13,'http://santa-is-real.no'),(14,'http://covid-is-a-hoax.no'),(16,'http://not-an-evidence.com'),(17,'http://idaho-covid19-numbers.net');

--
-- Table structure for table `EvidenceFrom`
--
CREATE TABLE `EvidenceFrom` (
  `user_id` int NOT NULL,
  `ev_id` int NOT NULL,
  PRIMARY KEY (`user_id`,`ev_id`),
  CONSTRAINT `evidencefrom_ibfk_1` FOREIGN KEY (`user_id`) REFERENCES `User` (`user_id`) ON DELETE CASCADE,
  CONSTRAINT `evidencefrom_ibfk_2` FOREIGN KEY (`ev_id`) REFERENCES `Evidence` (`ev_id`) ON DELETE CASCADE
);

--
-- Dumping data for table `EvidenceFrom`
--
INSERT INTO `EvidenceFrom` VALUES (44,0),(64,1),(97,2),(57,3),(67,4),(84,5),(24,6),(53,7),(60,8),(81,9),(5,10),(22,11),(97,12),(35,13),(84,14),(61,16),(36,17);

--
-- Table structure for table `Expertise`
--
CREATE TABLE `Expertise` (
  `user_id` int NOT NULL,
  `domain` varchar(30) NOT NULL,
  PRIMARY KEY (`user_id`,`domain`),
  CONSTRAINT `expertise_ibfk_1` FOREIGN KEY (`user_id`) REFERENCES `Checker` (`user_id`) ON DELETE CASCADE
);

--
-- Dumping data for table `Expertise`
--
INSERT INTO `Expertise` VALUES (0,'Public Health'),(3,'Infectious Diseases'),(5,'Language & Culture'),(6,'Health Service Quality'),(7,'Infectious Diseases'),(8,'Public Health'),(9,'Social Sciences'),(10,'Health Service Quality'),(11,'Public Health'),(12,'Epidemiology'),(14,'Epidemiology'),(15,'Epidemiology'),(16,'Public Health'),(17,'Social Sciences'),(18,'Art'),(19,'Public Health'),(21,'Health Service Quality'),(22,'Public Health'),(26,'Language & Culture'),(27,'Economics'),(32,'Social Sciences'),(33,'Information & Computer Science'),(36,'Information & Computer Science'),(38,'Art'),(39,'Social Sciences'),(40,'Economics'),(40,'Mathematics'),(42,'Language & Culture'),(45,'Information & Computer Science'),(49,'Language & Culture'),(51,'Social Sciences'),(53,'Art'),(55,'Social Sciences'),(60,'Social Sciences'),(61,'Information & Computer Science'),(62,'Social Sciences'),(64,'Information & Computer Science'),(65,'Information & Computer Science'),(68,'Economics'),(68,'Mathematics'),(70,'Art'),(71,'Mathematics'),(74,'Art'),(77,'Economics'),(78,'Social Sciences'),(79,'Economics'),(81,'Social Sciences'),(87,'Economics'),(87,'Mathematics'),(90,'Social Sciences'),(93,'Language & Culture'),(96,'Language & Culture'),(97,'Economics');

--
-- Table structure for table `Hashtags`
--
CREATE TABLE `Hashtags` (
  `tweet_id` varchar(20) NOT NULL,
  `hashtag` varchar(50) NOT NULL,
  PRIMARY KEY (`tweet_id`,`hashtag`),
  CONSTRAINT `hashtags_ibfk_1` FOREIGN KEY (`tweet_id`) REFERENCES `Tweet` (`tweet_id`) ON DELETE CASCADE
);

--
-- Dumping data for table `Hashtags`
--
INSERT INTO `Hashtags` VALUES ('1321201091841675264','AmericaFirst'),('1321201091841675264','AmyConeyBarrettSCOTUS'),('1321201091841675264','COVIDHOAX2020'),('1321201091841675264','MAGA'),('1321201091841675264','MitchMcConnell'),('1321201091841675264','Trump2020'),('1321238664194777089','CovidHoax'),('1321238664194777089','ScienceMatters'),('1321293727105765376','TrumpLostOurJobs'),('1321362999802793984','facemasks'),('1321362999802793984','newnormal'),('1321362999802793984','NewWorldOrder'),('1321362999802793984','NoMaskOnMe'),('1321362999802793984','PlandemicHoax'),('1321374035746476032','COVID19'),('1321374035746476032','covidhoax'),('1321374035746476032','PandemicIsOverUK'),('1321374035746476032','toriesenemyofthepeople'),('1321385349516566531','coronavirus'),('1321385349516566531','COVID19'),('1321385349516566531','MaskUp'),('1321431695128698880','Dems'),('1321431695128698880','Masks'),('1321431695128698880','MediaAllies'),('1321435050731331585','ProtectFirstResponders'),('1321470312509300738','Florida'),('1321470332553826306','Florida'),('1321493086120210432','TrumpLied220KDied'),('1321494210185342976','TrumpLied200KDied');

--
-- Table structure for table `Phone`
--
CREATE TABLE `Phone` (
  `user_id` int NOT NULL,
  `kind` enum('HOME','OFFICE','MOBILE') NOT NULL,
  `number` varchar(20) NOT NULL,
  PRIMARY KEY (`user_id`,`number`),
  CONSTRAINT `phone_ibfk_1` FOREIGN KEY (`user_id`) REFERENCES `Checker` (`user_id`) ON DELETE CASCADE
);

--
-- Dumping data for table `Phone`
--
INSERT INTO `Phone` VALUES (0,'MOBILE','001-070-249-0204'),(1,'HOME','001-670-273-3919'),(1,'MOBILE','096-435-6224'),(2,'MOBILE','(622)059-0604x2491'),(3,'OFFICE','001-337-445-5627x321'),(4,'MOBILE','001-055-669-2367x546'),(5,'MOBILE','0980430937'),(6,'MOBILE','+1-602-678-2588'),(7,'MOBILE','193-407-5790x179'),(8,'OFFICE','524.899.8641'),(9,'MOBILE','021-358-8983'),(10,'MOBILE','+1-154-245-9808x246'),(11,'MOBILE','+1-546-184-5097x1002'),(12,'OFFICE','+1-780-049-7196x231'),(13,'MOBILE','251.284.2419x94318'),(14,'OFFICE','(053)085-7916x1982'),(14,'MOBILE','001-012-945-9563x871'),(15,'OFFICE','164.768.4712x8904'),(16,'OFFICE','(466)996-4899'),(17,'OFFICE','930-789-3606x55046'),(18,'MOBILE','569.894.4457x89238'),(19,'HOME','045-591-2309x0781'),(20,'OFFICE','717-708-0449'),(21,'OFFICE','813.467.6096x4670'),(22,'HOME','403-156-1446'),(23,'HOME','+1-489-184-4545x575'),(24,'HOME','039.955.2346'),(25,'HOME','001-234-743-6816'),(26,'MOBILE','(212)709-1993x1421'),(26,'HOME','+1-736-030-8332x7268'),(27,'MOBILE','(892)928-9000x7502'),(27,'MOBILE','785.016.9158x56828'),(28,'OFFICE','834-394-9421'),(29,'MOBILE','7187197917'),(30,'HOME','487-431-1790x314'),(31,'HOME','+1-705-639-9749x5023'),(32,'OFFICE','001-542-493-4078x404'),(33,'OFFICE','330-522-5333'),(34,'HOME','+1-991-156-5650x682'),(35,'MOBILE','+1-499-782-7238'),(36,'OFFICE','+1-655-762-0443x4328'),(37,'HOME','001-950-623-9965'),(38,'OFFICE','023-869-4105x585'),(38,'HOME','0572978297'),(39,'MOBILE','225.738.2271x161'),(40,'OFFICE','214.482.2749x5568'),(41,'OFFICE','001-924-497-1794'),(42,'MOBILE','824.833.8675'),(43,'MOBILE','(814)353-8794'),(44,'MOBILE','087.050.0578x5980'),(45,'HOME','(088)713-7810x09192'),(46,'HOME','258-553-8261x461'),(46,'OFFICE','711-029-4505x157'),(47,'HOME','+1-793-201-9175x6967'),(48,'MOBILE','+1-813-803-4965'),(49,'OFFICE','001-727-265-4412x762'),(50,'HOME','025-731-8538'),(51,'MOBILE','246-738-6770x97438'),(52,'HOME','594-180-9065x703'),(53,'HOME','+1-844-656-8257'),(54,'MOBILE','001-332-338-7149x146'),(55,'MOBILE','001-923-681-9745'),(56,'OFFICE','001-450-289-3100x589'),(57,'MOBILE','001-436-092-3857'),(58,'OFFICE','+1-392-932-5202x5702'),(59,'MOBILE','(314)747-4792x27323'),(60,'OFFICE','(286)077-7176x1953'),(61,'OFFICE','001-814-602-3076'),(62,'MOBILE','+1-910-291-3008x2272'),(63,'OFFICE','7434526309'),(64,'MOBILE','+1-837-156-2680'),(65,'OFFICE','001-556-160-8328x553'),(66,'HOME','2272601577'),(67,'MOBILE','246-254-7157'),(68,'MOBILE','001-342-812-6182x213'),(69,'OFFICE','(474)182-7684x5561'),(70,'MOBILE','(706)947-8387'),(70,'MOBILE','001-494-479-9592x686'),(71,'MOBILE','(461)880-0244x38771'),(71,'OFFICE','001-788-493-0019x013'),(72,'HOME','593-514-6459'),(73,'HOME','1915451557'),(74,'OFFICE','6100044834'),(75,'MOBILE','001-992-006-7134x558'),(76,'OFFICE','962.774.9135'),(77,'MOBILE','(361)983-9452x66980'),(78,'MOBILE','(239)434-9698'),(79,'HOME','(744)816-8653'),(80,'HOME','(053)934-2505x79631'),(81,'HOME','001-573-359-4799x817'),(82,'HOME','611-966-9272'),(83,'OFFICE','+1-217-384-0813x912'),(84,'HOME','(225)659-9212x400'),(84,'HOME','+1-795-931-2955x444'),(85,'MOBILE','(781)277-3331'),(86,'HOME','001-757-075-7641x764'),(87,'MOBILE','+1-860-672-7935'),(88,'OFFICE','704-454-7530'),(89,'HOME','+1-922-707-2713x8095'),(90,'HOME','585.393.5435x680'),(91,'HOME','001-032-683-8058'),(92,'MOBILE','(604)652-9741x44003'),(93,'MOBILE','481-105-8120'),(94,'HOME','985.727.1388'),(95,'MOBILE','(587)116-3172'),(96,'MOBILE','+1-419-797-9019x531'),(97,'MOBILE','001-098-919-1326'),(98,'HOME','+1-759-341-3321x5568'),(99,'OFFICE','067.401.3360x350');

--
-- Table structure for table `Tweet`
--
CREATE TABLE `Tweet` (
  `posting_datetime` datetime NOT NULL,
  `posting_location_latitude` decimal(10,8) DEFAULT NULL,
  `posting_location_longitude` decimal(10,8) DEFAULT NULL,
  `quoted_tweet` varchar(20) DEFAULT NULL,
  `replied_to_tweet` varchar(20) DEFAULT NULL,
  `tweet_id` varchar(20) NOT NULL,
  `tweet_text` varchar(350) NOT NULL,
  `tweeter_id` varchar(20) NOT NULL,
  PRIMARY KEY (`tweet_id`),
  CONSTRAINT `tweet_ibfk_1` FOREIGN KEY (`tweeter_id`) REFERENCES `Tweeter` (`tweeter_id`) ON DELETE CASCADE,
  CONSTRAINT `tweet_ibfk_2` FOREIGN KEY (`replied_to_tweet`) REFERENCES `Tweet` (`tweet_id`) ON DELETE SET NULL,
  CONSTRAINT `tweet_ibfk_3` FOREIGN KEY (`quoted_tweet`) REFERENCES `Tweet` (`tweet_id`) ON DELETE SET NULL
);

--
-- Dumping data for table `Tweet`
--
INSERT INTO `Tweet` VALUES ('2020-10-27 21:24:21',NULL,NULL,NULL,NULL,'1321201091841675264','trump should have another fundraiser before the election! invite all of the gop! no masks necessary! ????#Trump2020 #MAGA #COVIDHOAX2020 #AmyConeyBarrettSCOTUS #MitchMcConnell #AmericaFirst','1158055468461199360'),('2020-10-27 22:05:57',NULL,NULL,NULL,'1321435050731331585','1321211561046933514','@StatsInTheWild Just got back from FL, mask compliance is about 30%. People pulled over waving trump flags over most bridges. I was advised that per Facebook, covid is a hoax on multiple occasions. I’ll root for you but it’s nothing like the North','190474329'),('2020-10-27 22:27:42',NULL,NULL,NULL,'1321451080564297728','1321217035276267522','@COsweda Forgotten -W.H.O. said Virus wasn’t contagious. Jan 14.Plus Dems impeachment hoax.  Trump VIRUS team. Pence led.Trump contacted companies like GM etc make ventilators.Supplies we needed.Scores of masks!  QTIPS  TESTS/planShips. Temp. Hosp.  Contact w governors. Reopen plan.','214517287'),('2020-10-27 23:04:06',NULL,NULL,NULL,'1321470332553826306','1321226195736891395','@politvidchannel &amp; my thing was when he found out about that\'s when he should step up then but once again his Golfing was so important &amp; said it was a HOAX since when a hoax kills people. &amp; plus he doesn\'t even wear a mask that is more contagious now he trying to make amends to win the election','1265312026169167873'),('2020-10-27 23:24:22',NULL,NULL,NULL,'1321470312509300738','1321231296190971905','@realDonaldTrump Russia just imposed mandatory masks in public. Germany, France England and Spain all have curfews. In several Canadian provinces,  bars, restaurant dining rooms, gyms are closed because of surges of infections. The virus is NO DEMOCRAT HOAX. Wake up folks. Trump can’t protect you','542743037'),('2020-10-27 23:52:25',NULL,NULL,'1321217035276267522',NULL,'1321238353854025728','Did You Know ThatPeople in Europe ThinkAMERICANS are Kind of DUMB. NOT WEARING MASKBELIEVING Trump When He Says COVID is A HOAXOr COVID Don\'t affectChildren... EUROPEAN People Say ??? Need to Take Their Head out of the Sand Because COVID is REAL + Is KILLING ?','1063888239495389184'),('2020-10-27 23:53:39',NULL,NULL,NULL,NULL,'1321238664194777089','So weird, strict lockdowns/ mask mandates and the cases are up? Please explain the “science” behind that...#ScienceMatters#CovidHoax','2383102476'),('2020-10-28 02:12:01',NULL,NULL,NULL,'1321496706773622786','1321273486141251586','@BobSmithers16 @CBCNews Because Trump down played it, treated it like a hoax, rejected masks.......so the public followed his lead. They’re in a way worse place than Canada.','867088312590360577'),('2020-10-28 02:22:20',NULL,NULL,NULL,'1321457297441214464','1321276082029580289','@roguesnradvisor Trump supporters that fail to wear a mask or believe COVID is a hoax, Please don\'t go to the hospitals when you become ill. Please don\'t clog up the hospitals with your Right not to wear a mask Just stay home and continue to hang out with your friends, because its your right.','4649054122'),('2020-10-28 03:04:40',NULL,NULL,'1321211561046933514',NULL,'1321286736132100097','A Swedish friend asked Me, Are ??? Really BELIEVING Trump when he says COVID is a HOAX or it doesn\'t affect children. How can ANYONE BELIEVE that? I told her, I agree it\'s like they know people are DIEING + They still won\'t wear a Mask DJT +? WON\'T Try,  Repubs gave up','1063888239495389184'),('2020-10-28 03:32:27',NULL,NULL,NULL,'1321238664194777089','1321293727105765376','@chipfranklin #TrumpLostOurJobs I retired from mine earlier than I wanted to. Trump started calling covid a hoax and politicized it to the point that my coworkers went back to packed bars and house parties and then coming into work unmasked. I eventually chose staying alive over money.','956709918903619584'),('2020-10-28 05:38:42',NULL,NULL,NULL,NULL,'1321325496404189191','Republicans think masks dont work, Covid is a hoax, Joe Biden &amp; the Clintons are the only ones who could ever be tied to Jeffery Epstein but believe people like Alex Jones','900167629'),('2020-10-28 06:28:52',NULL,NULL,NULL,'1321470312509300738','1321338121506545664','@open_nv Drinking the MAGA cool-aid I see!Guessing “COVID is a hoax” and anti-mask, Trump-loving supporter is in your resume too right? Wouldn’t be surprised with an answer so selfish and pathetic as yours.Spare me talking to you more, because you’re just gonna keep taking more Ls. ?','2475991452'),('2020-10-28 07:12:29',NULL,NULL,NULL,'1321418974886854656','1321349100369965056','@TheValuesVoter @MrsPerrin I’m in one of those states. It’s a big Trump state so Covid is all a hoax here and masks don’t work. It’s a strange place to live right now.... and a bit scary and frustrating.','310099325'),('2020-10-28 07:24:11',NULL,NULL,NULL,'1321325496404189191','1321352042649128962','@FLOTUS Pretty much everything you said was bs. Trump has politicised covid with masks, testing, huge super spreader rallies. If more people had been encouraged to wear masks I wouldn’t have gotten covid. Many who died of covid would still be here. &amp; the empeachment inquiry was no hoax!','395927820'),('2020-10-28 08:07:43',NULL,NULL,'1321226195736891395',NULL,'1321362999802793984','I\'ll defy any #PlandemicHoax rules and carry on as near as possible to normal life. There is no #newnormal say no to #NewWorldOrder burn your #facemasks #NoMaskOnMe','768367412731412480'),('2020-10-28 08:51:34',NULL,NULL,NULL,NULL,'1321374035746476032','If you didn\'t vote Tory in the last election, it\'s because you don\'t trust them. So why the f*ck do you trust them no. Throw away those masks of compliance.#COVID19 #covidhoax#PandemicIsOverUK #toriesenemyofthepeople','1303670836667330560'),('2020-10-28 09:18:50',NULL,NULL,NULL,'1321231296190971905','1321380898055618560','@HuffPost We have a President who strategically choose to allow Americans getting exposed to die in order to advance his own political ambitions.Trump lied to everyone claiming the virus was a HOAX from Dems, not lethal, and mocking those practicing the use of masks and social distancing','707648309230436353'),('2020-10-28 09:36:32',NULL,NULL,NULL,'1321293727105765376','1321385349516566531','@MysterySolvent Jacksonville,Florida mayor waited until the last minute to extend mask mandate. Really? Had to think about it?I am surrounded by people who STILL think this is a hoax.#MaskUp #coronavirus #COVID19','1395145724'),('2020-10-28 10:08:21',NULL,NULL,NULL,'1321470312509300738','1321393357260730368','@ABC We have a President who strategically choose to allow Americans getting exposed to die in order to advance his own political ambitions.Trump lied to everyone claiming the virus was a HOAX from Dems, not lethal, and mocking those practicing the use of masks and social distancing','707648309230436353'),('2020-10-28 11:50:09',NULL,NULL,NULL,'1321496681217548288','1321418974886854656','@HardWorkingMa10 @GovMikeHuckabee @realDonaldTrump We have a President who strategically choose to allow Americans getting exposed to die in order to advance his own political ambitions.Trump lied to everyone claiming the virus was a HOAX from Dems, not lethal, and mocking those practicing the use of masks and social distancing','707648309230436353'),('2020-10-28 11:57:46',NULL,NULL,NULL,'1321211561046933514','1321420891507597312','@Ken_Rosenthal Good for him...if we listened to the news anyone who attended a Trump rally without a mask should be dead by now. When will the hoax end?','973656956236976129'),('2020-10-28 12:12:09',NULL,NULL,NULL,'1321201091841675264','1321424514840932353','@piersmorgan A sociopath doesn’t care if people die. Ignorant people babbling with their false equivalents and cries of hoax, and act like this Pandemic isn\'t serious, isn\'t killing thousands of people, not wearing a mask, or practicing social distancing are sociopaths.  Like Trump!','23141485'),('2020-10-28 12:25:58',NULL,NULL,NULL,'1321494210185342976','1321427991856107520','@TendrockTom @Acosta Traitor trump intentionally caused people to die from the Trump Virus. He said it was a hoax, he had it under control, it’s not as bad as scientists say, it’ll go away in April, don’t wear masks. Traitor trump murdered those people.','1178335136456302592'),('2020-10-28 12:40:41',NULL,NULL,NULL,NULL,'1321431695128698880','COVID HYPE is the biggest hoax ever played on the American People. COVID virus is real, but the HYPE of the virus is what is fake. The #Dems &amp; their #MediaAllies have muzzled Americans with these masks. The #Masks are nothing more than an item of fear &amp; control.','66114893'),('2020-10-28 12:49:47',NULL,NULL,NULL,'1321436060728086529','1321433985151651844','@MJP86_Peace @greenhousenyt @realDonaldTrump Take off your blindfold. He has downplayed it and cast doubt over the the scientists advice. He called it a hoax and not wearing masks a  political statement. He holds massive rallies with large volumes of unmasked morons. Feeds them BS that it will disappear. Trump owns this. https://t.co/ZfFb1eV8UQ','87773011'),('2020-10-28 12:54:01',NULL,NULL,NULL,NULL,'1321435050731331585','I believe all trump supporters should carry a card next to their Drivers License that reads...NO MASKER, FULL TIME RALLY PARTICIPANT, I REFUSE MEDICAL ATTENTION, COVID 19 IS A HOAX. They should be the last one to receive medical treatment.  #ProtectFirstResponders','758321799633379328'),('2020-10-28 12:58:02',NULL,NULL,NULL,'1321493086120210432','1321436060728086529','@Mediaite We have a President who strategically choose to allow Americans getting exposed to die in order to advance his own political ambitions.Trump lied to everyone claiming the virus was a HOAX from Dems, not lethal, and mocking those practicing the use of masks and social distancing','707648309230436353'),('2020-10-28 13:25:53',NULL,NULL,NULL,NULL,'1321443069074546697','This is how I imagine Covid-19 is going to “g-check” people who think this virus is a hoax; people are refusing to wear masks or social distance, while continuing to tootsie roll in these streets, all willy-nilly https://t.co/Up8FRJLaWB','39567400'),('2020-10-28 13:31:46',NULL,NULL,NULL,'1321362999802793984','1321444550485815297','@realDonaldTrump On 2-7-2020 trump knew the virus was deadly and airborne. He later called the virus a hoax, said it was going away and continued to hold huge rallies discouraging masks etc. etc. . He purposely lied about it while it was aggressively spreading.','18407812'),('2020-10-28 13:49:26',NULL,NULL,NULL,'1321444550485815297','1321448996766994435','@kayleighmcenany @realDonaldTrump Why are his supporters wearing mask..  I thought it was a Democrat hoax.. take the mask off ppl.. be free. Be like your beloved trump.','515445507'),('2020-10-28 13:52:18',NULL,NULL,NULL,NULL,'1321449717709086720','REMEMBER AMERICA,TRUMP IS THE MAN THAT CALLED COVID-19 A HOAX, TOLD YOU NO MASKS AS 226,000 AMERICANS DIED! THIS IS THE SAME MAN WHO LEFT IT UP TO GOV. CUOMO TO INFORM AMERICANS!THIS IS THE SAME MAN ON THE WOODWARD\'S TAPES!WHAT MISSION IS HE OFF TO?A MISSION OF LIES!','1251275623684849664'),('2020-10-28 13:57:43',NULL,NULL,NULL,'1321238353854025728','1321451080564297728','@mimidancer No masks don’t work it’s just a flu the president survived you just want trump out it’s a hoax those 200,000 deaths are child actors','1265694693473607681'),('2020-10-28 14:22:25',NULL,NULL,NULL,'1321493422658772994','1321457297441214464','@WorstBeerBlog Even if he had just kept his mask on it would have shown a touch more respect. Homey must be a Trump supporter and the whole thing is a hoax and no one really gets sick. It’s fine, he’s fine. Super spreader event weeeeeee!','38224414'),('2020-10-28 15:14:08',NULL,NULL,NULL,NULL,'1321470312509300738','#Florida - Trump Rally\'s And People Not Wearing Masks. Now Trump and White House People Have Covid-19. Some Say Covid-19 Is A Hoax. We Are Coming To An End. End Times Prophecies A Catholic Perspective: Church Prophecy, The Bible, The Mystics, &amp; Saints https://t.co/DXExShPkX9','1001110769994526721'),('2020-10-28 15:14:13',NULL,NULL,NULL,NULL,'1321470332553826306','#Florida - Trump Rally\'s And People Not Wearing Masks. Now Trump and White House People Have Covid-19. Some Say Covid-19 Is A Hoax. We Are Coming To An End. End Times Prophecies A Catholic Perspective: Church Prophecy, The Bible, The Mystics, &amp; Saints https://t.co/SKhBJ8AAdQ','1018516893332893696'),('2020-10-28 15:31:04',NULL,NULL,NULL,'1321286736132100097','1321474573896839168','@Acyn Santa is real, God is real, Easter bunny is real, COVID is a hoax, Masks don\'t work, Trump is God\'s chosen one...see the connection here?  Low IQ, ignorance and naivety.','1095062405569073152'),('2020-10-28 16:05:16',NULL,NULL,NULL,'1321493086120210432','1321483180587638786','@Corgi_dad @BreitbartNews It is a hoax!  The lies.  Virus yes!  Like the flu and all viruses!  The numbers your clown candidates are reporting are all lies!!!!!!! If masks work so great how did Harris and her campaign staff test positive!  MAGA will win big and fix all this ?','1318708317363974147'),('2020-10-28 16:44:38',NULL,NULL,NULL,'1321494513915891712','1321493086120210432','@FrankAmari2 @realDonaldTrump Trump’s LIES are literally KILLING us“It\'s their new hoax\\Totally under control\\It will magically disappear\\Anyone can get a test\\We have the lowest death rate\\There\'s no proof about masks\\Kids are essentially immune\\We have turned the corner#TrumpLied220KDied https://t.co/U3bhh9fXb5','1287100173508702208'),('2020-10-28 16:45:58',NULL,NULL,NULL,'1321494210185342976','1321493422658772994','@Fal1Of7heCabal @realDonaldTrump @TuckerCarlson Same I posted to a response above yours:You tweeted this because you are ignorant of facts apparently.  The 2 mill number was a scenario where no one did ANYthing differently.Meanwhile, Trump was downplaying it, calling it hoax, equating masks to tyranny, etc.  Try harder.','1056033585218707456'),('2020-10-28 16:49:06',NULL,NULL,NULL,'1321497818146635776','1321494210185342976','@FrankAmari2 @realDonaldTrump Trump’s LIES are literally KILLING us“It\'s their new hoax\\Totally under control\\It will magically disappear\\Anyone can get a test\\We have the lowest death rate\\There\'s no proof about masks\\Kids are essentially immune\\We have turned the corner#TrumpLied200KDied https://t.co/MrEEJ4KxFW','1287100173508702208'),('2020-10-28 16:50:18',NULL,NULL,NULL,'1321443069074546697','1321494513915891712','@Ddaniels715 @JohnBrennan Wrong. They know. The fatality rate was less than the seasonal flu. Covid is not a hoax. Trump hadn’t defeated it as they are now claiming-cases are SPIKING HIGHER than ever. Mostly in States where they consider mask wearing to be a socialist plot. I review the facts not hype','805913850826526720'),('2020-10-28 16:58:55',NULL,NULL,NULL,'1321293727105765376','1321496681217548288','@JesseBWatters On 2-7-2020 trump knew the virus was deadly and airborne. He later called the virus a hoax, said it was going away and continued to hold huge rallies discouraging masks etc. etc. . He purposely lied about it while it was aggressively spreading.','18407812'),('2020-10-28 16:59:01',NULL,NULL,NULL,'1321497818146635776','1321496706773622786','@LoveStillHidde1 @murray_nyc @realDonaldTrump @TuckerCarlson Personally if I were him I wouldn\'t have told the public that it would soon disappear, pushed dodgy cures and would have encouraged mask use. Many Trump fans were convinced it was a hoax and helped spread it. He\'s still holding superspreader rallies today.','1283736503982620672'),('2020-10-28 17:01:59',NULL,NULL,NULL,'1321338121506545664','1321497453443493896','@marklevinshow On 2-7-2020 trump knew the virus was deadly and airborne. He later called the virus a hoax, said it was going away and continued to hold huge rallies discouraging masks etc. etc. . He purposely lied about it while it was aggressively spreading.','18407812'),('2020-10-28 17:02:49',NULL,NULL,NULL,'1321496681217548288','1321497662831562752','@DineshDSouza @DonaldJTrumpJr On 2-7-2020 trump knew the virus was deadly and airborne. He later called the virus a hoax, said it was going away and continued to hold huge rallies discouraging masks etc. etc. . He purposely lied about it while it was aggressively spreading.','18407812'),('2020-10-28 17:03:09',NULL,NULL,NULL,'1321293727105765376','1321497746918969344','@GOP @SenatorWicker On 2-7-2020 trump knew the virus was deadly and airborne. He later called the virus a hoax, said it was going away and continued to hold huge rallies discouraging masks etc. etc. . He purposely lied about it while it was aggressively spreading.','18407812'),('2020-10-28 17:03:26',NULL,NULL,NULL,'1321457297441214464','1321497818146635776','@GOP @SenCoryGardner On 2-7-2020 trump knew the virus was deadly and airborne. He later called the virus a hoax, said it was going away and continued to hold huge rallies discouraging masks etc. etc. . He purposely lied about it while it was aggressively spreading.','18407812'),('2020-10-28 17:21:23',NULL,NULL,NULL,'1321418974886854656','1321502335265361922','@tam8ta @SadiesGhost @dariaanne The fact that Trump didn\'t stand up to Leslie Stahl during 60 Minutes interview and accepted her Mask narrative was very troubling. He needs to end this Mask fiasco immediately or he\'s complicit in perpetrating this Covid hoax.  Masks don\'t work. They are harming our children.','2776533173');

--
-- Table structure for table `Tweeter`
--
CREATE TABLE `Tweeter` (
  `tweeter_id` varchar(20) NOT NULL,
  `handle` varchar(50) NOT NULL,
  `display_name` varchar(100) NOT NULL,
  `followers_count` int NOT NULL,
  `verified` tinyint NOT NULL,
  PRIMARY KEY (`tweeter_id`)
);

--
-- Dumping data for table `Tweeter`
--
INSERT INTO `Tweeter` VALUES ('1001110769994526721','DanW77352779','Ham Radio DX Chasers',564,0),('1018516893332893696','DanielW23166425','11 Meters CB Radio',222,0),('1056033585218707456','OuttaPlaceLib','OuttaPlaceLiberal #TruePatriot',3284,0),('1063888239495389184','SandyInCalif','Sandy',365,0),('1095062405569073152','theblack_abyss','theblackabyss',1703,0),('1158055468461199360','jewkenzie','Mackenzie',119,0),('1178335136456302592','cecil26778370','add your name',20,0),('1251275623684849664','Commons87100891','Common sense',20,0),('1265312026169167873','melodie83750328','Not happening777',170,0),('1265694693473607681','NewYesMSG1','NewYesMSG',10,0),('1283736503982620672','Dave20Vote','Dave',133,0),('1287100173508702208','USVoter2076','American Citizen',6,0),('1303670836667330560','PaulG34328745','TerryG',722,0),('1318708317363974147','rudy35740134','rudy',6,0),('1395145724','oceanviewmom','Debbie Whiskey',3310,0),('18407812','jimmyofflagstaf','jimmyofflagstaf',1959,0),('190474329','NecessaryPaper','NecessaryPaper',1842,0),('214517287','MsGrinningSoul','GrinningSoul',509,0),('23141485','FrankieMcCranky','Frankie McCranky',154,0),('2383102476','SANDSKI2020','ConsentOfTheGoverned',293,0),('2475991452','sinatraswinery','peter',1993,0),('2776533173','WildCreekFarmer','FarmerTK',759,0),('310099325','patgotweet','Patricia',350,0),('38224414','JemWilson84','Jemma Wilson',3562,0),('39567400','HeyMrsConnors','2020 kissed Flavor Flav and didnt get a clock',447,0),('395927820','JillBreedin','Jill Breedin',91,0),('4649054122','icu242','icu242',28,0),('515445507','ChinaLee_secret','FrannyBayBe',209,0),('542743037','mptrottier','mptrottier',8,0),('66114893','Nelly0717','CNelson',448,0),('707648309230436353','conservatismtlk','Straightforward',598,0),('758321799633379328','LilyBennett29','Lily-Flip TX Blue-VOTE-6 days-VOTE',6716,0),('768367412731412480','Longmuir19','Mark Longmuir',1618,0),('805913850826526720','fishyonekenobi','Fred',1240,0),('867088312590360577','margaret884422','Margaret',39,0),('87773011','NashvilleTele','fenderboy',27,0),('900167629','EddieH87','Ed',148,0),('956709918903619584','Jazzcat68','LynneS #VoteBlue',120,0),('973656956236976129','anthony67892716','anthony p',26,0);

--
-- Table structure for table `User`
--
CREATE TABLE `User` (
  `user_id` int NOT NULL,
  `name_first` varchar(50) NOT NULL,
  `name_last` varchar(50) NOT NULL,
  `email` varchar(100) NOT NULL,
  `password` varchar(30) NOT NULL,
  `user_since` datetime NOT NULL,
  `profile_pic` varchar(500) DEFAULT NULL,
  `address_country` varchar(30) NOT NULL,
  `address_state` varchar(30) DEFAULT NULL,
  `address_city` varchar(30) NOT NULL,
  PRIMARY KEY (`user_id`),
  UNIQUE KEY `email` (`email`)
);

--
-- Dumping data for table `User`
--
INSERT INTO `User` VALUES (0,'Daniel','Graham','danielgraham@yahoo.com','2KL1WrK)64E#R&f','2020-05-29 14:44:47','imagehoster.com/?user=0/image=dzmghtkikrdespp','United States of America','RI','Portsmouth'),(1,'Katherine','Fisher','kat_fisher06@aol.com','t%xEr4__*lz8ePm','2020-02-22 04:21:55','imagehoster.com/?user=1/image=eczyllptgqtdkqb','United States of America','OH','Peninsula'),(2,'Ashley','Pham','ashley57@gmail.com','@MG3OsGW4dDlV*p','2020-01-22 23:05:49','imagehoster.com/?user=2/image=bmpgngrhuzauzwy','United States of America','IL','Essex'),(3,'Christopher','Ward','christopherward5377@gmail.com','3#4zZltP#vPsqEI','2020-04-02 09:59:27','imagehoster.com/?user=3/image=orgpjubbpzhcfqt','United States of America','NJ','Bayville'),(4,'Brittany','Anderson','brittany_anderson@gmail.com','%)U75zMnNZ7YsQg','2020-04-01 16:07:39','imagehoster.com/?user=4/image=trmjpqjanctwxuz','United States of America','NV','Las Vegas'),(5,'Kevin','Griffith','griffithKevin@hotmail.com','@S*zCQEjn72@Zc8','2020-08-29 21:51:52','imagehoster.com/?user=5/image=gwtrwguthgkoxhk','United States of America','NC','Raleigh'),(6,'Jonathan','Howard','jonathan280@gmail.com','j+8+FqGo6AI1qGi','2020-08-10 20:23:27','imagehoster.com/?user=6/image=ldpngjjwifwiwyj','United States of America','NY','Edwards'),(7,'Lynn','Washington','washingtonlynn6407@gmail.com','beiFi8lgI%02Al7','2020-05-05 18:20:24','imagehoster.com/?user=7/image=jglcchyocmhxzdh','United States of America','null','North Lori'),(8,'Clinton','Aguilar','Cli.aguilar9640@gmail.com','K3BJn)4Y(cHy$p9','2020-03-29 01:03:06','imagehoster.com/?user=8/image=gehkjxartrlokvy','Guinea','null','East Bradley'),(9,'Derrick','Shepherd','shepherd.derrick@aol.com','#(GUsHMiduNtf3*','2020-06-28 19:32:28','imagehoster.com/?user=9/image=njgycmqkxdvlvjv','United States of America','MS','Ethel'),(10,'Christie','Adams','christieadams@gmail.com','M#CvdfqwwJ00Kqz','2020-08-09 21:51:29','imagehoster.com/?user=10/image=yalgohmymeobeme','United States of America','TX','San Antonio'),(11,'Antonio','Olson','Olson07148@gmail.com','ma3QOpwz$p!G8bL','2020-06-24 16:28:58','imagehoster.com/?user=11/image=zvqsvmhmdmfdecf','United States of America','LA','Coushatta'),(12,'Michelle','Vincent','vincentmichelle@gmail.com','*lNX1L_Rs7WHLQa','2020-07-03 07:19:09','imagehoster.com/?user=12/image=xjtqjhckguvmfuq','United States of America','NM','Lemitar'),(13,'Joseph','Rice','rice90232@gmail.com','zNZMp^aYyF23UMQ','2020-04-10 14:08:02','imagehoster.com/?user=13/image=lycgzwjfwctmntq','United States of America','MI','Cedar Springs'),(14,'Kelly','Blankenship','Blankenship_kelly@aol.com','qZ1^3h#eczz#&Vr','2020-02-11 11:42:50','imagehoster.com/?user=14/image=pjaqlglceangfva','United States of America','NY','Wallkill'),(15,'Christina','Fischer','Christina_Fischer@gmail.com','6gIAxHj((s37lY+','2020-03-22 03:50:16','imagehoster.com/?user=15/image=vydxgggyrzbshyo','United States of America','TN','Roan Mountain'),(16,'Alexander','Fitzgerald','alexander24@gmail.com','rcpA5Db8#3pql4u','2020-05-20 09:38:11','imagehoster.com/?user=16/image=zihcptowirheylw','United States of America','NJ','Whitehouse'),(17,'Taylor','Mitchell','taylorMitchell790@gmail.com','$e549mbnW7AW@+W','2020-07-21 17:14:33','imagehoster.com/?user=17/image=hacdnrilsrclzvu','United States of America','SC','Florence'),(18,'Robert','Turner','turner29@gmail.com','eR^46mJplZcfFSy','2020-03-11 09:30:39','imagehoster.com/?user=18/image=xejbjhanyuoezpg','British Indian Ocean Territory','null','East Stephanie'),(19,'Courtney','White','courtney16893@gmail.com','7dCIgqv55gU%cqn','2020-09-19 23:16:12','imagehoster.com/?user=19/image=vomgljbmhneatbm','United States of America','IA','Moville'),(20,'Bradley','Woodard','bradley.woodard@hotmail.com','DRVW*IGmjs@@r8(','2020-10-07 16:59:00','imagehoster.com/?user=20/image=cmzgcgcdwyahycc','United States of America','KY','Hardburly'),(21,'Gina','Miranda','gina42@hotmail.com','o4Ct@I^)#UV2ucC','2020-03-05 01:26:26','imagehoster.com/?user=21/image=tnppdbadhqikply','United States of America','IN','Indianapolis'),(22,'Robert','Barnes','Barnes2367@gmail.com','%x1Rk@Gz_7udKzj','2020-02-24 12:19:48','imagehoster.com/?user=22/image=hwwzardrbrdtttp','United States of America','IL','Mason City'),(23,'John','Austin','Austin203@hotmail.com','gr*27$d1SgJrUW7','2020-04-22 14:13:08','imagehoster.com/?user=23/image=tkpmumjldhuisxa','United States of America','TX','Houston'),(24,'Patricia','Miller','miller50262@hotmail.com','R)NK4m@&e)4gE%j','2020-10-03 15:31:04','imagehoster.com/?user=24/image=pltixldbxsqfvjw','United States of America','CO','Colorado Springs'),(25,'Patrick','Aguilar','0061patrick176@yahoo.com','b$i+Gfifqz2QwgK','2020-05-26 09:32:35','imagehoster.com/?user=25/image=klhdqpvfqdxnysj','United States of America','CA','La Jolla'),(26,'Kayla','Bridges','kayla.bridges@aol.com','N3i#T*pu!2xvBtJ','2020-10-17 05:15:33','imagehoster.com/?user=26/image=sbvicqnyrnceeun','United States of America','IN','Andrews'),(27,'Rebecca','Keller','rebeccakeller2254@gmail.com',')w9RY0Jbh&2dpbp','2020-09-08 20:25:55','imagehoster.com/?user=27/image=rgalwiylcjxcvmu','Kuwait','null','West Charles'),(28,'Jonathan','Ryan','jonathan87@gmail.com','655gZfXJI%MDomN','2020-02-13 20:50:13','imagehoster.com/?user=28/image=huwhiqkjllwohjg','United States of America','FL','Aripeka'),(29,'Julia','Gardner','12gardner81@aol.com','Zi3_0wW2+^2Hdne','2020-07-31 20:50:23','imagehoster.com/?user=29/image=ovlbggqeuxzeayc','United States of America','NV','Caliente'),(30,'Charles','George','george546@gmail.com','uH@#oaq&O)4nCy4','2020-07-28 08:36:15','imagehoster.com/?user=30/image=szpocimwpfpobto','United States of America','AK','Prudhoe Bay'),(31,'Lindsey','Carr','Lindseycarr@gmail.com',')3zIzzb^+oWtxaR','2020-01-05 18:26:29','imagehoster.com/?user=31/image=ccklxwlkndhmfhp','United States of America','AR','Langley'),(32,'Terrence','Gallagher','gallagher.Terrence38726@gmail.com','Re_0#EdgQ#V(irD','2020-01-31 01:37:23','imagehoster.com/?user=32/image=jygwqhcueakorkx','United States of America','NE','Winslow'),(33,'Sara','Thomas','sara_thomas20555@gmail.com','f+P3Qvra!h)!goP','2020-08-09 11:50:46','imagehoster.com/?user=33/image=stezgmwteazmqnn','United States of America','VA','Aylett'),(34,'Gary','Hall','Gary78966@gmail.com','t1aXPxrKvZ%7OUW','2020-07-24 10:02:06','imagehoster.com/?user=34/image=qghkztvyynpttdd','United States of America','AZ','Phoenix'),(35,'Michael','Johnson','88Michael_Johnson596@aol.com','$%wDVmMD!+Ql0gl','2020-08-01 02:12:15','imagehoster.com/?user=35/image=ecsbtgkquuplxyw','United States of America','TX','Briscoe'),(36,'Matthew','Anderson','anderson698@gmail.com','^ThhuJFnVh2w!fF','2020-05-07 15:42:39','imagehoster.com/?user=36/image=ajiudpumnpgdbhc','United States of America','NJ','Haledon'),(37,'Brian','Smith','smith537@gmail.com','Y6g1qSUn%DlrA)O','2020-09-21 20:44:35','imagehoster.com/?user=37/image=igvvhhkdgobzhik','United States of America','AL','Owens Cross Roads'),(38,'Cathy','Mcconnell','cathy.Mcconnell098@gmail.com','yKkyLBuyJ__8$Iu','2020-09-05 08:19:36','imagehoster.com/?user=38/image=cekckkcydilagxq','Iraq','null','Garciaborough'),(39,'Steven','Williams','williams.steven@hotmail.com','leYAziHv_2K6GSt','2020-03-22 11:57:19','imagehoster.com/?user=39/image=juzcqtshikxjici','Egypt','null','East Jessicatown'),(40,'Lauren','Rhodes','Lauren.rhodes@gmail.com','+oFADk*GU72JUjf','2020-06-27 02:31:27','imagehoster.com/?user=40/image=rwmoezqznwwycln','United States of America','KY','Blaine'),(41,'Bethany','Warren','bethany583@gmail.com','b)4rKus)$XMxVW(','2020-05-27 23:22:12','imagehoster.com/?user=41/image=iwmqfuyvzjjvmwe','Ghana','null','Wintersbury'),(42,'Peggy','Campbell','peg4124@gmail.com','U6a%K++f0aXXkyq','2020-09-05 07:53:23','imagehoster.com/?user=42/image=keasxcxuxzrsvvr','United States of America','TN','Murfreesboro'),(43,'Daniel','Figueroa','figueroadaniel18@gmail.com','*g$V#&xWTed3E8q','2020-01-15 23:19:45','imagehoster.com/?user=43/image=cnfshjvppriobxi','Falkland Islands (Malvinas)','null','Chungbury'),(44,'Holly','Davis','davis_holly86@hotmail.com','QUTwawH%)7++n)G','2020-06-07 15:49:49','imagehoster.com/?user=44/image=vpybcgjuysdzepf','United States of America','CA','Alleghany'),(45,'Abigail','Miles','milesabigail77338@yahoo.com','92U*McAY@hbED8+','2020-04-15 14:03:45','imagehoster.com/?user=45/image=opuudpknaxvieqh','Iran','null','West Andrew'),(46,'Todd','Wilson','wilson29374@gmail.com','@4)kgXuf^Idu06j','2020-01-30 15:56:36','imagehoster.com/?user=46/image=udoiiclnwfwsnvj','United States of America','IA','Brayton'),(47,'Ricardo','Chapman','Chapman21362@gmail.com','R$#jY%#s9Ce8HEE','2020-05-16 15:26:41','imagehoster.com/?user=47/image=hiszeqjajyndmrr','United States of America','ME','Princeton'),(48,'Bryan','Spencer','28677BryanSpencer@gmail.com',')XkIw!vq5!mBJ5Q','2020-07-31 21:12:04','imagehoster.com/?user=48/image=yhexrrcfywwsjai','United States of America','OH','Green Springs'),(49,'Leslie','Hawkins','leslie.hawkins@gmail.com','(iZxq*a44o+q^%O','2020-01-26 23:24:13','imagehoster.com/?user=49/image=tlmotxzkvpildyc','United States of America','NE','Hildreth'),(50,'Maxwell','Mahoney','mahoney_max08099@gmail.com','$$g+^zPpWU86QJF','2020-07-12 05:22:36','imagehoster.com/?user=50/image=tramlftlvnxvqzv','United States of America','TN','Covington'),(51,'Melissa','Diaz','diaz9394@gmail.com','&$c&+nyB1kC7WYt','2020-04-04 13:45:00','imagehoster.com/?user=51/image=frwxjouegespith','United States of America','TX','San Antonio'),(52,'Mary','Tran','mary73@aol.com','uH3gSRVEz$yp#iN','2020-04-14 04:53:43','imagehoster.com/?user=52/image=hiaqgqsnsxpwgqb','United States of America','WV','Swiss'),(53,'Brian','Swanson','Swanson05@gmail.com','*5zI1Db#G!^05Nj','2020-08-27 16:10:31','imagehoster.com/?user=53/image=ozhmwfhlpyqtydd','Svalbard & Jan Mayen Islands','null','South Timothychester'),(54,'Michael','Gibson','michael_gibson@gmail.com','h0g0EK4_!ZFal%8','2020-02-23 09:23:16','imagehoster.com/?user=54/image=biuhycyaiidxfrv','United States of America','MI','Applegate'),(55,'Scott','Evans','scott27@yahoo.com','CgqyH2OoL*69IS*','2020-02-05 02:01:42','imagehoster.com/?user=55/image=lfzwumwvoiujyjq','United States of America','IA','Harcourt'),(56,'Vanessa','Gonzalez','vanessa_gonzalez773@gmail.com','4&tuqMGP+xzC$7w','2020-08-05 09:18:11','imagehoster.com/?user=56/image=qpigojonfcwzqgc','United States of America','ND','Williston'),(57,'Alexander','Delgado','delgado140@gmail.com','5F^Nz3iw%8G#+s1','2020-01-17 12:44:28','imagehoster.com/?user=57/image=sjywjgcgmizfhkb','United States of America','TN','Andersonville'),(58,'Michael','Jacobs','mic96249@aol.com','9yKr@gpW$8afcSm','2020-08-13 13:02:56','imagehoster.com/?user=58/image=mknrqjijzcxnhlh','Comoros','null','Toniville'),(59,'James','Sullivan','jam738@gmail.com','X9O%3hLaa4jzA19','2020-03-28 01:33:36','imagehoster.com/?user=59/image=jiatbfztavlasge','United States of America','WV','Lorado'),(60,'Christopher','Santos','santos_chr@gmail.com','*c!nFERifD0xsj*','2020-04-29 12:58:00','imagehoster.com/?user=60/image=bghfqnirwksmchi','United States of America','TX','Carrollton'),(61,'Justin','Moore','4060moore_justin0839@yahoo.com','k$u&p+$Z$7f)Ok+','2020-07-11 00:57:25','imagehoster.com/?user=61/image=fczcxjzytxiqhli','United States of America','PA','Limekiln'),(62,'Hunter','Robinson','hunter_robinson@gmail.com','dNEIK^YscYC4_z9','2020-08-11 09:50:49','imagehoster.com/?user=62/image=pzxkdzgyejakizx','United States of America','WI','Brill'),(63,'Gilbert','Arellano','Arellano_gilbert87723@aol.com','JP+xy0)v$7DV+3^','2020-06-21 20:59:53','imagehoster.com/?user=63/image=mngmkkxbptfzhqm','Jamaica','null','Kingfurt'),(64,'Paul','Miller','pau.miller@yahoo.com','nAh%aJc5_#3tW0i','2020-07-03 22:07:00','imagehoster.com/?user=64/image=sznutwmiuzsvvoo','United States of America','WI','Turtle Lake'),(65,'David','Austin','dav58282@hotmail.com','(llGia_pK0&c!%*','2020-06-10 01:41:39','imagehoster.com/?user=65/image=tbzhodpjzhujbbd','United States of America','IL','Bulpitt'),(66,'Keith','Palmer','keith2655@gmail.com','K$7K4qM2Nd7Og_c','2020-01-28 11:59:13','imagehoster.com/?user=66/image=kihjzsgbgkbcrjj','United States of America','OK','Barnsdall'),(67,'Larry','Bradshaw','bradshaw73051@gmail.com','*h4OMIk^E0fLPRz','2020-01-30 01:07:42','imagehoster.com/?user=67/image=kzdbrrebugnnvut','United States of America','OK','Stilwell'),(68,'Darren','Ortiz','ortizdarren8399@gmail.com','JX*3#I#K)*A6r!t','2020-10-15 00:51:19','imagehoster.com/?user=68/image=ynxpggczfqctpav','Kiribati','null','Marciaport'),(69,'Catherine','Sanchez','891sanchez_catherine33115@gmail.com','Cy4SjjXv*D&W22R','2020-09-22 17:35:16','imagehoster.com/?user=69/image=vomqkfhnufthkfg','United States of America','CO','San Luis'),(70,'Benjamin','Solis','benjamin42679@gmail.com','uqk9LJKQTl_@%9k','2020-02-15 23:52:50','imagehoster.com/?user=70/image=lbinlzggsjmlyda','United States of America','LA','Lake Arthur'),(71,'Kelly','Stevens','92050Stevens.kelly56@gmail.com','#b5bD5aejFrp&O8','2020-05-05 17:35:59','imagehoster.com/?user=71/image=jxoyhuwesbhfsxl','Libyan Arab Jamahiriya','null','Bakerland'),(72,'Katherine','Gonzalez','gonzalez556@gmail.com','V@mQuL)b#W3VxBQ','2020-01-29 12:23:09','imagehoster.com/?user=72/image=ubznlhalxepbaou','United States of America','GA','Augusta'),(73,'Kimberly','Rodgers','rodgers42@gmail.com','5Afy)rd5##lW!^9','2020-04-18 16:04:09','imagehoster.com/?user=73/image=upsbvdfaoemkgkm','United States of America','TX','Port Bolivar'),(74,'David','Castillo','david9894@gmail.com','^HPL@IpITOz#7Js','2020-08-25 03:26:05','imagehoster.com/?user=74/image=qojmsbxkzcmpctd','United States of America','MA','West Stockbridge'),(75,'Zachary','Wilson','zacwilson2302@gmail.com','@KLuLBg!Q)4KwF7','2020-06-24 02:10:52','imagehoster.com/?user=75/image=ozxtqjydjdupyro','United States of America','MI','Argyle'),(76,'Brenda','Gibson','gibsonBrenda@gmail.com','utcom*vu+8VbWNI','2020-05-23 21:50:17','imagehoster.com/?user=76/image=odpdmgrzmvebgve','United States of America','PA','Philadelphia'),(77,'Steven','Price','price64@gmail.com','%0K5CACR!INkG5h','2020-04-08 03:36:00','imagehoster.com/?user=77/image=xeizmrqzzjcrqhs','United States of America','WI','King'),(78,'Mark','Allen','allen133@gmail.com','z5T4P8nr@2zGC(S','2020-03-13 21:06:19','imagehoster.com/?user=78/image=vcdmnydqxcrjesc','United States of America','FL','Orlando'),(79,'Cody','Glass','cody352@gmail.com','sa+Hb4My!ufDXnd','2020-02-26 10:37:52','imagehoster.com/?user=79/image=vdfjimbthrjzmiv','United States of America','DE','Newark'),(80,'Samuel','Carlson','Carlson51@aol.com','O$#(fX0wcX&3jNe','2020-04-15 10:28:50','imagehoster.com/?user=80/image=wmqzlxlsfsezegj','United States of America','CA','Perris'),(81,'Phillip','Roach','roach_phillip53@gmail.com','H@L&G4XG05rL)+F','2020-07-15 11:42:23','imagehoster.com/?user=81/image=nmtedflhcicxgab','United States of America','NY','East Rochester'),(82,'Mary','Morgan','66morgan91449@gmail.com','+L(WtaEA)^Q6Pxz','2020-02-26 04:53:35','imagehoster.com/?user=82/image=lhugreajajbxskg','United States of America','TN','Nashville'),(83,'Kayla','Lucero','lucero_kay@hotmail.com','%+tZVfAo)&C2ON1','2020-07-11 16:30:38','imagehoster.com/?user=83/image=vurvuewtdmrllgi','United States of America','CA','Anaheim'),(84,'Megan','Stevens','megan.stevens@aol.com','#30&yBEb2keu6x$','2020-10-11 02:21:51','imagehoster.com/?user=84/image=qqirrquvmjmpnin','Faroe Islands','null','Burnsport'),(85,'Doris','Whitaker','Doris90@gmail.com','g7ShyMrf*)R$m+O','2020-03-18 12:18:05','imagehoster.com/?user=85/image=ifhtpdfmuyotjco','Paraguay','null','Floresside'),(86,'Jeffrey','Waters','waters_Jef14@gmail.com','Fo^9VUv(c^McjH4','2020-10-29 01:49:17','imagehoster.com/?user=86/image=euuivahxnoowiwf','United States of America','ID','Sagle'),(87,'Anthony','Monroe','Monroe62@gmail.com','e^Af0rYzI!i3Fjc','2020-02-26 16:23:50','imagehoster.com/?user=87/image=ngslmccbksspuqa','Romania','null','Liton'),(88,'Karen','Newman','Newman3287@gmail.com','s@G&OXdi2v+5Wdd','2020-06-03 08:51:53','imagehoster.com/?user=88/image=xbsoedtmglsofzi','United States of America','OH','Sidney'),(89,'Terri','Cook','cookTerri5486@gmail.com','dp#0z)_yIb_0MpQ','2020-02-01 11:49:11','imagehoster.com/?user=89/image=wtfksguwteleton','Saint Pierre and Miquelon','null','Jonathanborough'),(90,'Calvin','Boone','24boone74@gmail.com','^^JM!_Mk3y&I&nw','2020-03-20 02:20:46','imagehoster.com/?user=90/image=xccjlakyathopla','United States of America','MI','Spruce'),(91,'Jennifer','Castillo','castillo12432@gmail.com','9lJxAOFS)yYzuM*','2020-02-02 10:28:03','imagehoster.com/?user=91/image=jfzldiynmgjybbj','United States of America','NY','Sparrow Bush'),(92,'Brittany','Ponce','brittany4318@gmail.com','ogMnMWoO_42i&zL','2020-06-12 12:25:12','imagehoster.com/?user=92/image=wbzidujazpdxrkx','United States of America','CA','Escalon'),(93,'Zachary','Pierce','zachary94692@gmail.com','xb4UMozUY)pZY0V','2020-07-10 23:40:24','imagehoster.com/?user=93/image=vcujvugzdywqaqk','Turkmenistan','null','Nicoleton'),(94,'Dylan','Myers','Dylan_myers@gmail.com','S#YFtajthvz+99B','2020-07-31 08:33:35','imagehoster.com/?user=94/image=icxdsjdtpgabfnz','United States of America','WV','Logan'),(95,'Ian','Colon','colon.ian@gmail.com','O%6nv@!KxLAb$MZ','2020-10-22 05:13:06','imagehoster.com/?user=95/image=fatjuaunsmadgni','Madagascar','null','Doylemouth'),(96,'Michelle','Arroyo','Arroyo58@gmail.com','WYl$ZXa(!2F1GD1','2020-05-23 22:11:21','imagehoster.com/?user=96/image=kdrsbnuxgxxuiei','United States of America','NH','Harrisville'),(97,'Leonard','Nunez','leo_nunez948@yahoo.com','$r0Z&KE)$oNS16y','2020-03-16 13:13:06','imagehoster.com/?user=97/image=rbkotixqgaglzhu','Isle of Man','null','Starkfort'),(98,'Brent','Johnson','johnson27249@yahoo.com','F0KbX5A6!1p5S%i','2020-05-18 09:52:19','imagehoster.com/?user=98/image=wefdqzlnwlchlnk','United States of America','AK','King Salmon'),(99,'Bailey','Williams','Baileywilliams5045@aol.com','fc%&2#yjEjk0GP$','2020-06-05 21:20:54','imagehoster.com/?user=99/image=czcyhnfkhvbrfwe','Haiti','null','Jerryland');

--
-- Table structure for table `Verification`
--
CREATE TABLE `Verification` (
  `ver_id` int NOT NULL,
  `user_id` int NOT NULL,
  `tweet_id` varchar(20) NOT NULL,
  `comment` varchar(500) NOT NULL,
  PRIMARY KEY (`ver_id`),
  CONSTRAINT `verification_ibfk_1` FOREIGN KEY (`user_id`) REFERENCES `Checker` (`user_id`) ON DELETE CASCADE,
  CONSTRAINT `verification_ibfk_2` FOREIGN KEY (`tweet_id`) REFERENCES `Tweet` (`tweet_id`) ON DELETE CASCADE
);

--
-- Dumping data for table `Verification`
--
INSERT INTO `Verification` VALUES (0,0,'1321211561046933514','Florida number of cases has spiked according to these offical sources'),(1,3,'1321211561046933514','Florida cases has spiked! Yikes!'),(2,6,'1321385349516566531','Masks works! Check the CDC'),(3,3,'1321286736132100097','Agreed! check the sources'),(4,3,'1321474573896839168','Yep.. Santa is real.. Cannot wait for XMAS!'),(5,0,'1321231296190971905','Europe imposed a lockdown'),(6,3,'1321231296190971905','Spain and France imposed a lockdown'),(7,6,'1321231296190971905','Spain and France closed bars and restaurants'),(8,0,'1321211561046933514','Florida number of cases has spiked according to these offical sources'),(9,3,'1321211561046933514','Florida cases has spiked! Yikes!'),(10,11,'1321385349516566531','Masks works! Check the CDC'),(11,16,'1321286736132100097','Agreed! check the sources'),(12,12,'1321474573896839168','Yep.. Santa is real.. Cannot wait for XMAS!'),(13,6,'1321231296190971905','Europe imposed a lockdown'),(14,10,'1321231296190971905','Spain and France imposed a lockdown'),(15,6,'1321231296190971905','Spain and France closed bars and restaurants'),(16,15,'1321211561046933514','Florida number of cases has spiked according to these offical sources'),(17,22,'1321211561046933514','Florida cases has spiked! Yikes!'),(18,21,'1321385349516566531','Masks works! Check the CDC'),(19,14,'1321286736132100097','Agreed! check the sources'),(20,15,'1321474573896839168','Yep.. Santa is real.. Cannot wait for XMAS!'),(21,15,'1321231296190971905','Europe imposed a lockdown'),(22,0,'1321231296190971905','Spain and France imposed a lockdown'),(23,10,'1321231296190971905','Spain and France closed bars and restaurants'),(24,8,'1321211561046933514','Florida number of cases has spiked according to these offical sources'),(25,7,'1321211561046933514','Florida cases has spiked! Yikes!'),(26,19,'1321385349516566531','Masks works! Check the CDC'),(27,11,'1321286736132100097','Agreed! check the sources'),(28,11,'1321474573896839168','Yep.. Santa is real.. Cannot wait for XMAS!');

--
-- Table structure for table `VerifiedUsing`
--
CREATE TABLE `VerifiedUsing` (
  `ver_id` int NOT NULL,
  `ev_id` int NOT NULL,
  PRIMARY KEY (`ver_id`,`ev_id`),
  CONSTRAINT `verifiedusing_ibfk_1` FOREIGN KEY (`ver_id`) REFERENCES `Verification` (`ver_id`) ON DELETE CASCADE,
  CONSTRAINT `verifiedusing_ibfk_2` FOREIGN KEY (`ev_id`) REFERENCES `Evidence` (`ev_id`) ON DELETE CASCADE
);

--
-- Dumping data for table `VerifiedUsing`
--
INSERT INTO `VerifiedUsing` VALUES (0,0),(1,0),(2,0),(9,0),(16,0),(17,0),(18,0),(0,1),(1,1),(2,1),(8,1),(9,1),(10,1),(16,1),(17,1),(18,1),(4,3),(28,3),(2,4),(3,4),(10,4),(11,4),(18,4),(19,4),(24,4),(26,4),(27,4),(5,5),(6,5),(13,5),(14,5),(21,5),(22,5),(5,6),(6,6),(7,6),(13,6),(14,6),(15,6),(21,6),(22,6),(23,6),(5,7),(6,7),(7,7),(13,7),(14,7),(15,7),(21,7),(22,7),(23,7),(26,8),(8,9),(10,9),(19,11),(25,11),(26,11),(12,12),(28,12),(12,13),(20,13),(28,13),(19,14);

SET FOREIGN_KEY_CHECKS=1;
